<?xml version="1.0" encoding="UTF-8" standalone="no" ?>
<SimscapeMultibodyImportXML version="2.0" xmlns="urn:mathworks:SimscapeMultibody:import" xmlns:xsi="http://www.w3.org/2001/XMLSchema-instance">
<Created by="" on="03/21/25||21:38:25" using="Simscape Multibody Link Version 7.4" from="SolidWorks 32.5.0"/>
<ModelUnits mass="kilogram" length="millimeter"/>
<DataUnits mass="kilogram" length="meter"/>
<RootAssembly name="Assem1" uid="Assem1" version="2362">
<AssemblyFile name="Assem1.SLDASM" type="SolidWorks Assembly"/>
<InstanceTree>
<Instance name="Base1-1" uid="Base1-1" grounded="true" entityUid="Base1*:*Varsayılan">
<Transform>
<Rotation>1 0 0 0 1 0 0 0 1</Rotation>
<Translation>0 0 0</Translation>
</Transform>
</Instance>
<Instance name="Part2-1" uid="Part2-1" entityUid="Part2*:*Varsayılan">
<Transform>
<Rotation>0.99991780357878457 0 0.012821313746230779 0 1 0 -0.012821313746230779 0 0.99991780357878457</Rotation>
<Translation>0 0.22000000000000003 0</Translation>
</Transform>
</Instance>
<Instance name="Part3-1" uid="Part3-1" entityUid="Part3*:*Varsayılan">
<Transform>
<Rotation>0.012813121359006283 -0.00045826544568019399 -0.99991780357878446 0.035742471851985605 0.99936103371399765 0 0.9992788898135242 -0.035739533948713979 0.012821313746232384</Rotation>
<Translation>-0.0029997534107360185 0.39799999999999985 3.846394123852164e-05</Translation>
</Transform>
</Instance>
<Instance name="Part4-1" uid="Part4-1" entityUid="Part4*:*Varsayılan">
<Transform>
<Rotation>0.012821019883296016 -8.6806286753661867e-05 0.99991780357878446 -0.0067704674007576099 -0.99997708012292719 0 0.99989488558564366 -0.0067699108925673122 -0.012821313746230988</Rotation>
<Translation>-0.0023085600285851667 0.84742652539648566 -0.02405137876793751</Translation>
</Transform>
</Instance>
<Instance name="Part5-1" uid="Part5-1" entityUid="Part5*:*Varsayılan">
<Transform>
<Rotation>0.012821019883295896 0.007068510290282856 0.99989282306226601 -0.0067704674007573211 -0.99995147691137598 0.0071557385316389725 0.99989488558564366 -0.0068614856287880872 -0.012772540649319564</Rotation>
<Translation>0.0035927549817739591 0.88631114775729758 0.43618460485894722</Translation>
</Transform>
</Instance>
<Instance name="Part6-1" uid="Part6-1" entityUid="Part6*:*Varsayılan">
<Transform>
<Rotation>0.012826170227225986 0.0070591604227362515 0.99989282306226612 -0.0074995445044917603 -0.99994627467594055 0.0071557385316392587 0.99988961700256052 -0.0075905214467856981 -0.012772540649319434</Rotation>
<Translation>-0.023404351240907229 0.88611794281694334 0.43652946345647881</Translation>
</Transform>
</Instance>
<Instance name="Part7-1" uid="Part7-1" entityUid="Part7*:*Varsayılan">
<Transform>
<Rotation>0.012826170227226113 -0.037791721068011506 -0.99920332023868885 -0.0074995445044917656 0.99925377786029568 -0.037889896597271516 0.99988961700256063 0.0079795520328145852 0.012533178360984049</Rotation>
<Translation>0.0046445009404064872 0.88569618510792925 0.51817555345315713</Translation>
</Transform>
</Instance>
</InstanceTree>
<Constraints>
<Concentric name="Concentric1">
<ConstraintGeometry geomType="circle">
<InstancePath>
<Uid>Base1-1</Uid>
</InstancePath>
<Position>0 0.22 0</Position>
<Axis>0 1 0</Axis>
</ConstraintGeometry>
<ConstraintGeometry geomType="circle">
<InstancePath>
<Uid>Part2-1</Uid>
</InstancePath>
<Position>0 0 0</Position>
<Axis>0 1 0</Axis>
</ConstraintGeometry>
</Concentric>
<Coincident name="Coincident2">
<ConstraintGeometry geomType="plane">
<InstancePath>
<Uid>Base1-1</Uid>
</InstancePath>
<Position>0 0.22 0</Position>
<Axis>0 1 0</Axis>
</ConstraintGeometry>
<ConstraintGeometry geomType="plane">
<InstancePath>
<Uid>Part2-1</Uid>
</InstancePath>
<Position>0 0 0</Position>
<Axis>0 -1 0</Axis>
</ConstraintGeometry>
</Coincident>
<Coincident name="Coincident3">
<ConstraintGeometry geomType="plane">
<InstancePath>
<Uid>Part2-1</Uid>
</InstancePath>
<Position>-0.05800000000000001 0.17799999999999999 0</Position>
<Axis>1 0 0</Axis>
</ConstraintGeometry>
<ConstraintGeometry geomType="plane">
<InstancePath>
<Uid>Part3-1</Uid>
</InstancePath>
<Position>-0.079999999999999988 0.20700000000000002 0.054999999999999973</Position>
<Axis>0 -1.2088854223213374e-16 1.0000000000000002</Axis>
</ConstraintGeometry>
</Coincident>
<Concentric name="Concentric2">
<ConstraintGeometry geomType="cylinder">
<InstancePath>
<Uid>Part2-1</Uid>
</InstancePath>
<Position>0.11900100000000001 0.17799999999999999 0</Position>
<Axis>-1 0 0</Axis>
</ConstraintGeometry>
<ConstraintGeometry geomType="cylinder">
<InstancePath>
<Uid>Part3-1</Uid>
</InstancePath>
<Position>0 0 0.10499999999999998</Position>
<Axis>0 0 -1.0000000000000002</Axis>
</ConstraintGeometry>
</Concentric>
<Coincident name="Coincident4">
<ConstraintGeometry geomType="plane">
<InstancePath>
<Uid>Part3-1</Uid>
</InstancePath>
<Position>-0.079999999999999988 0.52200000000000002 -0.058999999999999997</Position>
<Axis>0 0 1.0000000000000002</Axis>
</ConstraintGeometry>
<ConstraintGeometry geomType="plane">
<InstancePath>
<Uid>Part4-1</Uid>
</InstancePath>
<Position>0 0 0.057999999999999996</Position>
<Axis>0 0 1</Axis>
</ConstraintGeometry>
</Coincident>
<Concentric name="Concentric3">
<ConstraintGeometry geomType="cylinder">
<InstancePath>
<Uid>Part3-1</Uid>
</InstancePath>
<Position>-0.0080000000000000002 0.4499999999999999 0.105</Position>
<Axis>0 0 -1.0000000000000002</Axis>
</ConstraintGeometry>
<ConstraintGeometry geomType="cylinder">
<InstancePath>
<Uid>Part4-1</Uid>
</InstancePath>
<Position>0 0 0.057999999999999996</Position>
<Axis>0 0 -1</Axis>
</ConstraintGeometry>
</Concentric>
<Coincident name="Coincident5">
<ConstraintGeometry geomType="circle">
<InstancePath>
<Uid>Part4-1</Uid>
</InstancePath>
<Position>0.29299999999999998 -0.042000000000000037 0</Position>
<Axis>1 0 0</Axis>
</ConstraintGeometry>
<ConstraintGeometry geomType="circle">
<InstancePath>
<Uid>Part5-1</Uid>
</InstancePath>
<Position>-0.16699999999999998 1.1102230246251565e-16 0</Position>
<Axis>-1 0 0</Axis>
</ConstraintGeometry>
</Coincident>
<Coincident name="Coincident6">
<ConstraintGeometry geomType="plane">
<InstancePath>
<Uid>Part5-1</Uid>
</InstancePath>
<Position>0.050000000000000044 -0.058499999999999996 0.026999999999999982</Position>
<Axis>-1.3183898417423734e-16 0 -0.99999999999999989</Axis>
</ConstraintGeometry>
<ConstraintGeometry geomType="plane">
<InstancePath>
<Uid>Part6-1</Uid>
</InstancePath>
<Position>0 0 0.053999999999999999</Position>
<Axis>0 0 1.0000000000000002</Axis>
</ConstraintGeometry>
</Coincident>
<Concentric name="Concentric4">
<ConstraintGeometry geomType="cylinder">
<InstancePath>
<Uid>Part6-1</Uid>
</InstancePath>
<Position>0 0 0.053999999999999999</Position>
<Axis>0 0 -1.0000000000000002</Axis>
</ConstraintGeometry>
<ConstraintGeometry geomType="circle">
<InstancePath>
<Uid>Part5-1</Uid>
</InstancePath>
<Position>0 1.1102230246251565e-16 -0.04200000000000001</Position>
<Axis>0 0 0.99999999999999989</Axis>
</ConstraintGeometry>
</Concentric>
<Concentric name="Concentric5">
<ConstraintGeometry geomType="cylinder">
<InstancePath>
<Uid>Part6-1</Uid>
</InstancePath>
<Position>0.081999999999999962 0 0.027</Position>
<Axis>-1 0 0</Axis>
</ConstraintGeometry>
<ConstraintGeometry geomType="cylinder">
<InstancePath>
<Uid>Part7-1</Uid>
</InstancePath>
<Position>0.0050000000000000044 -1.1102230246251565e-16 0</Position>
<Axis>-1 0 0</Axis>
</ConstraintGeometry>
</Concentric>
<Coincident name="Coincident9">
<ConstraintGeometry geomType="plane">
<InstancePath>
<Uid>Part6-1</Uid>
</InstancePath>
<Position>0.081999999999999962 0 0.027</Position>
<Axis>1 0 0</Axis>
</ConstraintGeometry>
<ConstraintGeometry geomType="plane">
<InstancePath>
<Uid>Part7-1</Uid>
</InstancePath>
<Position>0 0 0</Position>
<Axis>-1 0 0</Axis>
</ConstraintGeometry>
</Coincident>
</Constraints>
</RootAssembly>
<Assemblies>
</Assemblies>
<Parts>
<Part name="Base1" uid="Base1*:*Varsayılan" version="129">
<ModelUnits mass="kilogram" length="millimeter"/>
<PartFile name="Base1.SLDPRT" type="SolidWorks Part"/>
<MassProperties>
<Mass>8.6444994162767497</Mass>
<CenterOfMass>-2.4572651881625281e-07 0.1139924245239359 2.5564219208960051e-07</CenterOfMass>
<Inertia>0.062686385096575217 0.054521726633149338 0.062683897453519793 -1.5754668444095733e-07 1.5206257584622564e-07 -3.1673446061439253e-07</Inertia>
</MassProperties>
<GeometryFile name="Base1_Varsayılan_sldprt.STEP" type="STEP"/>
<VisualProperties>
<Ambient r="1" g="1" b="1" a="1"/>
<Diffuse r="1" g="1" b="1" a="1"/>
<Specular r="0.5" g="0.5" b="0.5" a="1"/>
<Emissive r="0" g="0" b="0" a="1"/>
<Shininess>0.3125</Shininess>
</VisualProperties>
</Part>
<Part name="Part2" uid="Part2*:*Varsayılan" version="151">
<ModelUnits mass="kilogram" length="millimeter"/>
<PartFile name="Part2.SLDPRT" type="SolidWorks Part"/>
<MassProperties>
<Mass>5.8634859051687993</Mass>
<CenterOfMass>6.9077324200293634e-08 0.097540070733313861 -0.0010681349016914265</CenterOfMass>
<Inertia>0.04813519954677422 0.047990187607206899 0.066109523027912592 -2.454515688376945e-06 1.3963295134587696e-07 -7.5044064076378166e-08</Inertia>
</MassProperties>
<GeometryFile name="Part2_Varsayılan_sldprt.STEP" type="STEP"/>
<VisualProperties>
<Ambient r="1" g="1" b="1" a="1"/>
<Diffuse r="1" g="1" b="1" a="1"/>
<Specular r="0.5" g="0.5" b="0.5" a="1"/>
<Emissive r="0" g="0" b="0" a="1"/>
<Shininess>0.3125</Shininess>
</VisualProperties>
</Part>
<Part name="Part3" uid="Part3*:*Varsayılan" version="114">
<ModelUnits mass="kilogram" length="millimeter"/>
<PartFile name="Part3.SLDPRT" type="SolidWorks Part"/>
<MassProperties>
<Mass>7.34647022047126</Mass>
<CenterOfMass>-0.016492023347290486 0.20313974694292308 -1.5606857886518232e-07</CenterOfMass>
<Inertia>0.23609739352318518 0.035468237919846275 0.22023912675283375 6.6241766893638517e-08 2.5422330732303711e-08 0.003573629381318172</Inertia>
</MassProperties>
<GeometryFile name="Part3_Varsayılan_sldprt.STEP" type="STEP"/>
<VisualProperties>
<Ambient r="1" g="1" b="1" a="1"/>
<Diffuse r="1" g="1" b="1" a="1"/>
<Specular r="0.5" g="0.5" b="0.5" a="1"/>
<Emissive r="0" g="0" b="0" a="1"/>
<Shininess>0.3125</Shininess>
</VisualProperties>
</Part>
<Part name="Part4" uid="Part4*:*Varsayılan" version="122">
<ModelUnits mass="kilogram" length="millimeter"/>
<PartFile name="Part4.SLDPRT" type="SolidWorks Part"/>
<MassProperties>
<Mass>6.046456045896476</Mass>
<CenterOfMass>0.10711075687111284 -0.032629928335811083 -5.0372330556955551e-09</CenterOfMass>
<Inertia>0.01926696198655161 0.064474705519345352 0.070614081156785954 2.074829536198701e-09 1.3688095626105721e-09 0.0073380027872430326</Inertia>
</MassProperties>
<GeometryFile name="Part4_Varsayılan_sldprt.STEP" type="STEP"/>
<VisualProperties>
<Ambient r="1" g="1" b="1" a="1"/>
<Diffuse r="1" g="1" b="1" a="1"/>
<Specular r="0.5" g="0.5" b="0.5" a="1"/>
<Emissive r="0" g="0" b="0" a="1"/>
<Shininess>0.3125</Shininess>
</VisualProperties>
</Part>
<Part name="Part5" uid="Part5*:*Varsayılan" version="149">
<ModelUnits mass="kilogram" length="millimeter"/>
<PartFile name="Part5.SLDPRT" type="SolidWorks Part"/>
<MassProperties>
<Mass>1.8524215579111853</Mass>
<CenterOfMass>-0.082689116054557407 -9.3353264231070939e-09 3.3279994423229692e-10</CenterOfMass>
<Inertia>0.0040375023692658888 0.008019014744347323 0.0073215166818616133 1.7269860611636053e-08 4.3660723203300893e-09 6.3827964656670765e-10</Inertia>
</MassProperties>
<GeometryFile name="Part5_Varsayılan_sldprt.STEP" type="STEP"/>
<VisualProperties>
<Ambient r="1" g="1" b="1" a="1"/>
<Diffuse r="1" g="1" b="1" a="1"/>
<Specular r="0.5" g="0.5" b="0.5" a="1"/>
<Emissive r="0" g="0" b="0" a="1"/>
<Shininess>0.3125</Shininess>
</VisualProperties>
</Part>
<Part name="Part6" uid="Part6*:*Varsayılan" version="121">
<ModelUnits mass="kilogram" length="millimeter"/>
<PartFile name="Part6.SLDPRT" type="SolidWorks Part"/>
<MassProperties>
<Mass>0.4875570987876518</Mass>
<CenterOfMass>0.014256474693961014 2.0701276779328473e-09 0.027000052116539729</CenterOfMass>
<Inertia>0.00034919204321912659 0.00066302993802036677 0.00079923611307316871 -9.1467823352996159e-11 -5.9620159997031958e-10 -2.9257588361652942e-11</Inertia>
</MassProperties>
<GeometryFile name="Part6_Varsayılan_sldprt.STEP" type="STEP"/>
<VisualProperties>
<Ambient r="1" g="1" b="1" a="1"/>
<Diffuse r="1" g="1" b="1" a="1"/>
<Specular r="0.5" g="0.5" b="0.5" a="1"/>
<Emissive r="0" g="0" b="0" a="1"/>
<Shininess>0.3125</Shininess>
</VisualProperties>
</Part>
<Part name="Part7" uid="Part7*:*Varsayılan" version="106">
<ModelUnits mass="kilogram" length="millimeter"/>
<PartFile name="Part7.SLDPRT" type="SolidWorks Part"/>
<MassProperties>
<Mass>0.0043628867976728226</Mass>
<CenterOfMass>0.0024999999999999996 0 -0.00033753375337533574</CenterOfMass>
<Inertia>1.0938801775137458e-06 5.4473624483863644e-07 5.6732262766541275e-07 0 0 0</Inertia>
</MassProperties>
<GeometryFile name="Part7_Varsayılan_sldprt.STEP" type="STEP"/>
<VisualProperties>
<Ambient r="0.10196078431372549" g="0.10196078431372549" b="0.10196078431372549" a="1"/>
<Diffuse r="0.10196078431372549" g="0.10196078431372549" b="0.10196078431372549" a="1"/>
<Specular r="0.040784313725490198" g="0.040784313725490198" b="0.040784313725490198" a="1"/>
<Emissive r="0" g="0" b="0" a="1"/>
<Shininess>0.3125</Shininess>
</VisualProperties>
</Part>
</Parts>
</SimscapeMultibodyImportXML>
